{
  "Author": "Mukamanaka",
  "Name": "MioPlugin",
  "InternalName": "MioPlugin",
  "AssemblyVersion": "1.0.0.1",
  "Description": "/mio dixing 地星\n/mio liyi 礼仪之铃\n/mio yezhan 野战治疗阵\n/mio bihu 庇护所\n召唤兽小仙女移动至场中\/mio petmid\n",
  "ApplicableVersion": "any",
  "RepoUrl": "https://github.com/Mukamanaka/Slice-Is-Right",
  "Tags": [
    "技能"
  ],
  "DalamudApiLevel": 8,
  "LoadRequiredState": 0,
  "LoadSync": false,
  "LoadPriority": 0,
  "Punchline": "施放技能到场中，移动召唤兽/小仙女到场中.",
  "AcceptsFeedback": true
}