{
  "Disabled": false,
  "Testing": false,
  "ScheduledForDeletion": false,
  "InstalledFromUrl": "",
  "WorkingPluginId": "041fbffc-6631-4738-bdbf-430d4d84f316",
  "IsThirdParty": false,
  "EffectiveVersion": "1.0.0.2",
  "Author": "Mukamanaka",
  "Name": "MioPlugin",
  "Punchline": "施放技能到场中，移动召唤兽/小仙女到场中.",
  "Description": "/mio dixing 地星\n/mio liyi 礼仪之铃\n/mio yezhan 野战治疗阵\n/mio bihu 庇护所\n召唤兽小仙女移动至场中/mio petmid\n",
  "Changelog": null,
  "Tags": null,
  "CategoryTags": null,
  "IsHide": false,
  "InternalName": "MioPlugin",
  "AssemblyVersion": "1.0.0.0",
  "TestingAssemblyVersion": null,
  "IsTestingExclusive": false,
  "RepoUrl": "https://github.com/MukaManaka/",
  "ApplicableVersion": "any",
  "DalamudApiLevel": 8,
  "DownloadCount": 0,
  "LastUpdate": 0,
  "DownloadLinkInstall": null,
  "DownloadLinkUpdate": null,
  "DownloadLinkTesting": null,
  "LoadRequiredState": 0,
  "LoadSync": false,
  "LoadPriority": 0,
  "CanUnloadAsync": false,
  "SupportsProfiles": true,
  "ImageUrls": null,
  "IconUrl": null,
  "AcceptsFeedback": true,
  "FeedbackMessage": null,
  "_Dip17Channel": null
}